<grails>
  <resources>
    <resource>ResourcesBootStrap</resource>
    <resource>org.grails.plugin.resource.CSSRewriterResourceMapper</resource>
    <resource>JQueryTagLib</resource>
    <resource>org.grails.plugin.resource.BundleResourceMapper</resource>
    <resource>JQueryService</resource>
    <resource>grails.plugin.databasemigration.DbdocController</resource>
    <resource>grails.plugin.cache.GrailsCacheAdminService</resource>
    <resource>org.grails.plugin.resource.ResourceTagLib</resource>
    <resource>JQueryConfig</resource>
    <resource>DbdocUrlMappings</resource>
    <resource>grails.plugin.cache.CacheTagLib</resource>
    <resource>JQueryResourceTagLib</resource>
    <resource>JQueryPluginResources</resource>
    <resource>DefaultCacheConfig</resource>
    <resource>org.grails.plugin.resource.CSSPreprocessorResourceMapper</resource>
    <resource>ApplicationResources</resource>
    <resource>BootStrap</resource>
    <resource>BuildConfig</resource>
    <resource>Config</resource>
    <resource>DataSource</resource>
    <resource>resources</resource>
    <resource>UrlMappings</resource>
    <resource>com.acn.mydata.Country</resource>
    <resource>com.acn.mydata.County</resource>
    <resource>com.acn.mydata.DataSource</resource>
    <resource>com.acn.mydata.Geography</resource>
    <resource>com.acn.mydata.Place</resource>
    <resource>com.acn.mydata.Record</resource>
    <resource>com.acn.mydata.State</resource>
    <resource>com.acn.mydata.Subtopic</resource>
    <resource>com.acn.mydata.Synonym</resource>
    <resource>com.acn.mydata.Topic</resource>
  </resources>
  <plugins>
    <plugin>JqueryGrailsPlugin</plugin>
    <plugin>CacheGrailsPlugin</plugin>
    <plugin>DatabaseMigrationGrailsPlugin</plugin>
    <plugin>HibernateGrailsPlugin</plugin>
    <plugin>ResourcesGrailsPlugin</plugin>
  </plugins>
</grails>